-- phpMyAdmin SQL Dump
-- version 2.11.7
-- http://www.phpmyadmin.net
--
-- Host: localhost
-- Generation Time: Jan 23, 2015 at 01:52 PM
-- Server version: 5.5.32
-- PHP Version: 5.2.6

SET SQL_MODE="NO_AUTO_VALUE_ON_ZERO";


/*!40101 SET @OLD_CHARACTER_SET_CLIENT=@@CHARACTER_SET_CLIENT */;
/*!40101 SET @OLD_CHARACTER_SET_RESULTS=@@CHARACTER_SET_RESULTS */;
/*!40101 SET @OLD_COLLATION_CONNECTION=@@COLLATION_CONNECTION */;
/*!40101 SET NAMES utf8 */;

--
-- Database: `erlangga_hris`
--

-- --------------------------------------------------------

--
-- Table structure for table `active_inactive`
--

CREATE TABLE IF NOT EXISTS `active_inactive` (
  `id` int(11) NOT NULL AUTO_INCREMENT,
  `title` varchar(254) NOT NULL,
  `created_on` datetime NOT NULL,
  `created_by` int(11) NOT NULL,
  `edited_on` datetime NOT NULL,
  `edited_by` int(11) NOT NULL,
  `is_deleted` tinyint(1) NOT NULL DEFAULT '0',
  `deleted_on` datetime NOT NULL,
  `deleted_by` int(11) NOT NULL,
  PRIMARY KEY (`id`)
) ENGINE=InnoDB  DEFAULT CHARSET=latin1 AUTO_INCREMENT=4 ;

--
-- Dumping data for table `active_inactive`
--

INSERT INTO `active_inactive` (`id`, `title`, `created_on`, `created_by`, `edited_on`, `edited_by`, `is_deleted`, `deleted_on`, `deleted_by`) VALUES
(1, 'Active', '2015-01-14 00:00:00', 1, '0000-00-00 00:00:00', 0, 0, '0000-00-00 00:00:00', 0),
(2, 'Inactive', '2015-01-14 00:00:00', 1, '0000-00-00 00:00:00', 0, 0, '0000-00-00 00:00:00', 0),
(3, 'Active by Term', '2015-01-14 00:00:00', 1, '0000-00-00 00:00:00', 0, 0, '0000-00-00 00:00:00', 0);

-- --------------------------------------------------------

--
-- Table structure for table `award_warning_type`
--

CREATE TABLE IF NOT EXISTS `award_warning_type` (
  `id` int(11) NOT NULL AUTO_INCREMENT,
  `title` varchar(254) NOT NULL,
  `created_on` datetime NOT NULL,
  `created_by` int(11) NOT NULL,
  `edited_on` datetime NOT NULL,
  `edited_by` int(11) NOT NULL,
  `is_deleted` tinyint(1) NOT NULL DEFAULT '0',
  `deleted_on` datetime NOT NULL,
  `deleted_by` int(11) NOT NULL,
  PRIMARY KEY (`id`)
) ENGINE=InnoDB DEFAULT CHARSET=latin1 AUTO_INCREMENT=1 ;

--
-- Dumping data for table `award_warning_type`
--


-- --------------------------------------------------------

--
-- Table structure for table `certification_type`
--

CREATE TABLE IF NOT EXISTS `certification_type` (
  `id` int(11) NOT NULL AUTO_INCREMENT,
  `title` varchar(254) NOT NULL,
  `created_on` datetime NOT NULL,
  `created_by` int(11) NOT NULL,
  `edited_on` datetime NOT NULL,
  `edited_by` int(11) NOT NULL,
  `is_deleted` tinyint(1) NOT NULL DEFAULT '0',
  `deleted_on` datetime NOT NULL,
  `deleted_by` int(11) NOT NULL,
  PRIMARY KEY (`id`)
) ENGINE=InnoDB  DEFAULT CHARSET=latin1 AUTO_INCREMENT=2 ;

--
-- Dumping data for table `certification_type`
--

INSERT INTO `certification_type` (`id`, `title`, `created_on`, `created_by`, `edited_on`, `edited_by`, `is_deleted`, `deleted_on`, `deleted_by`) VALUES
(1, 'HPL', '2015-01-19 00:00:00', 1, '0000-00-00 00:00:00', 0, 0, '0000-00-00 00:00:00', 0);

-- --------------------------------------------------------

--
-- Table structure for table `course_status`
--

CREATE TABLE IF NOT EXISTS `course_status` (
  `id` int(11) NOT NULL AUTO_INCREMENT,
  `title` varchar(254) NOT NULL,
  `created_on` datetime NOT NULL,
  `created_by` int(11) NOT NULL,
  `edited_on` datetime NOT NULL,
  `edited_by` int(11) NOT NULL,
  `is_deleted` tinyint(1) NOT NULL DEFAULT '0',
  `deleted_on` datetime NOT NULL,
  `deleted_by` int(11) NOT NULL,
  PRIMARY KEY (`id`)
) ENGINE=InnoDB  DEFAULT CHARSET=latin1 AUTO_INCREMENT=8 ;

--
-- Dumping data for table `course_status`
--

INSERT INTO `course_status` (`id`, `title`, `created_on`, `created_by`, `edited_on`, `edited_by`, `is_deleted`, `deleted_on`, `deleted_by`) VALUES
(1, 'Registration', '2015-01-16 00:00:00', 1, '0000-00-00 00:00:00', 0, 0, '0000-00-00 00:00:00', 0),
(2, 'Confirmation', '2015-01-16 00:00:00', 1, '0000-00-00 00:00:00', 0, 0, '0000-00-00 00:00:00', 0),
(3, 'Completed', '2015-01-16 00:00:00', 1, '0000-00-00 00:00:00', 0, 0, '0000-00-00 00:00:00', 0),
(4, 'Passed', '2015-01-16 00:00:00', 1, '0000-00-00 00:00:00', 0, 0, '0000-00-00 00:00:00', 0),
(5, 'Waiting List', '2015-01-16 00:00:00', 1, '0000-00-00 00:00:00', 0, 0, '0000-00-00 00:00:00', 0),
(6, 'Cancelled', '2015-01-16 00:00:00', 1, '0000-00-00 00:00:00', 0, 0, '0000-00-00 00:00:00', 0),
(7, 'Drop Out', '2015-01-16 00:00:00', 1, '0000-00-00 00:00:00', 0, 0, '0000-00-00 00:00:00', 0);

-- --------------------------------------------------------

--
-- Table structure for table `departement`
--

CREATE TABLE IF NOT EXISTS `departement` (
  `id` int(11) NOT NULL AUTO_INCREMENT,
  `title` varchar(254) NOT NULL,
  `created_on` datetime NOT NULL,
  `created_by` int(11) NOT NULL,
  `edited_on` datetime NOT NULL,
  `edited_by` int(11) NOT NULL,
  `is_deleted` tinyint(1) NOT NULL DEFAULT '0',
  `deleted_on` datetime NOT NULL,
  `deleted_by` int(11) NOT NULL,
  PRIMARY KEY (`id`)
) ENGINE=InnoDB DEFAULT CHARSET=latin1 AUTO_INCREMENT=1 ;

--
-- Dumping data for table `departement`
--


-- --------------------------------------------------------

--
-- Table structure for table `education_center`
--

CREATE TABLE IF NOT EXISTS `education_center` (
  `id` int(11) NOT NULL AUTO_INCREMENT,
  `title` varchar(254) NOT NULL,
  `created_on` datetime NOT NULL,
  `created_by` int(11) NOT NULL,
  `edited_on` datetime NOT NULL,
  `edited_by` int(11) NOT NULL,
  `is_deleted` tinyint(1) NOT NULL DEFAULT '0',
  `deleted_on` datetime NOT NULL,
  `deleted_by` int(11) NOT NULL,
  PRIMARY KEY (`id`)
) ENGINE=InnoDB DEFAULT CHARSET=latin1 AUTO_INCREMENT=1 ;

--
-- Dumping data for table `education_center`
--


-- --------------------------------------------------------

--
-- Table structure for table `education_degree`
--

CREATE TABLE IF NOT EXISTS `education_degree` (
  `id` int(11) NOT NULL AUTO_INCREMENT,
  `title` varchar(254) NOT NULL,
  `created_on` datetime NOT NULL,
  `created_by` int(11) NOT NULL,
  `edited_on` datetime NOT NULL,
  `edited_by` int(11) NOT NULL,
  `is_deleted` tinyint(1) NOT NULL DEFAULT '0',
  `deleted_on` datetime NOT NULL,
  `deleted_by` int(11) NOT NULL,
  PRIMARY KEY (`id`)
) ENGINE=InnoDB DEFAULT CHARSET=latin1 AUTO_INCREMENT=1 ;

--
-- Dumping data for table `education_degree`
--


-- --------------------------------------------------------

--
-- Table structure for table `education_group`
--

CREATE TABLE IF NOT EXISTS `education_group` (
  `id` int(11) NOT NULL AUTO_INCREMENT,
  `title` varchar(254) NOT NULL,
  `created_on` datetime NOT NULL,
  `created_by` int(11) NOT NULL,
  `edited_on` datetime NOT NULL,
  `edited_by` int(11) NOT NULL,
  `is_deleted` tinyint(1) NOT NULL DEFAULT '0',
  `deleted_on` datetime NOT NULL,
  `deleted_by` int(11) NOT NULL,
  PRIMARY KEY (`id`)
) ENGINE=InnoDB DEFAULT CHARSET=latin1 AUTO_INCREMENT=1 ;

--
-- Dumping data for table `education_group`
--


-- --------------------------------------------------------

--
-- Table structure for table `employee_status`
--

CREATE TABLE IF NOT EXISTS `employee_status` (
  `id` int(11) NOT NULL AUTO_INCREMENT,
  `title` varchar(254) NOT NULL,
  `created_on` datetime NOT NULL,
  `created_by` int(11) NOT NULL,
  `edited_on` datetime NOT NULL,
  `edited_by` int(11) NOT NULL,
  `is_deleted` tinyint(1) NOT NULL DEFAULT '0',
  `deleted_on` datetime NOT NULL,
  `deleted_by` int(11) NOT NULL,
  PRIMARY KEY (`id`)
) ENGINE=InnoDB  DEFAULT CHARSET=latin1 AUTO_INCREMENT=5 ;

--
-- Dumping data for table `employee_status`
--

INSERT INTO `employee_status` (`id`, `title`, `created_on`, `created_by`, `edited_on`, `edited_by`, `is_deleted`, `deleted_on`, `deleted_by`) VALUES
(1, 'Work Center', '2015-01-14 00:00:00', 1, '0000-00-00 00:00:00', 0, 0, '0000-00-00 00:00:00', 0),
(2, 'Employed', '2015-01-14 00:00:00', 1, '0000-00-00 00:00:00', 0, 0, '0000-00-00 00:00:00', 0),
(3, 'Terminated', '2015-01-14 00:00:00', 1, '0000-00-00 00:00:00', 0, 0, '0000-00-00 00:00:00', 0),
(4, 'Honorarium', '2015-01-14 00:00:00', 1, '0000-00-00 00:00:00', 0, 0, '0000-00-00 00:00:00', 0);

-- --------------------------------------------------------

--
-- Table structure for table `empl_status`
--

CREATE TABLE IF NOT EXISTS `empl_status` (
  `id` int(11) NOT NULL AUTO_INCREMENT,
  `title` varchar(254) NOT NULL,
  `created_on` datetime NOT NULL,
  `created_by` int(11) NOT NULL,
  `edited_on` datetime NOT NULL,
  `edited_by` int(11) NOT NULL,
  `is_deleted` tinyint(1) NOT NULL DEFAULT '0',
  `deleted_on` datetime NOT NULL,
  `deleted_by` int(11) NOT NULL,
  PRIMARY KEY (`id`)
) ENGINE=InnoDB  DEFAULT CHARSET=latin1 AUTO_INCREMENT=12 ;

--
-- Dumping data for table `empl_status`
--

INSERT INTO `empl_status` (`id`, `title`, `created_on`, `created_by`, `edited_on`, `edited_by`, `is_deleted`, `deleted_on`, `deleted_by`) VALUES
(1, 'Probation', '2015-01-14 00:00:00', 1, '0000-00-00 00:00:00', 0, 0, '0000-00-00 00:00:00', 0),
(2, 'Permanent', '2015-01-14 00:00:00', 1, '0000-00-00 00:00:00', 0, 0, '0000-00-00 00:00:00', 0),
(3, 'Contract', '2015-01-14 00:00:00', 1, '0000-00-00 00:00:00', 0, 0, '0000-00-00 00:00:00', 0),
(4, 'Part Time', '2015-01-14 00:00:00', 1, '0000-00-00 00:00:00', 0, 0, '0000-00-00 00:00:00', 0),
(5, 'Expat Contranct', '2015-01-14 00:00:00', 1, '0000-00-00 00:00:00', 0, 0, '0000-00-00 00:00:00', 0),
(6, 'Sick', '2015-01-14 00:00:00', 1, '0000-00-00 00:00:00', 0, 0, '0000-00-00 00:00:00', 0),
(7, 'UPLeave', '2015-01-14 00:00:00', 1, '0000-00-00 00:00:00', 0, 0, '0000-00-00 00:00:00', 0),
(8, 'Ahli', '2015-01-14 00:00:00', 1, '0000-00-00 00:00:00', 0, 0, '0000-00-00 00:00:00', 0),
(9, 'Daily Contract', '2015-01-14 00:00:00', 1, '0000-00-00 00:00:00', 0, 0, '0000-00-00 00:00:00', 0),
(10, 'Daily Permanent', '2015-01-14 00:00:00', 1, '0000-00-00 00:00:00', 0, 0, '0000-00-00 00:00:00', 0),
(11, 'Job Training', '2015-01-14 00:00:00', 1, '0000-00-00 00:00:00', 0, 0, '0000-00-00 00:00:00', 0);

-- --------------------------------------------------------

--
-- Table structure for table `exp_field`
--

CREATE TABLE IF NOT EXISTS `exp_field` (
  `id` int(11) NOT NULL AUTO_INCREMENT,
  `title` varchar(254) NOT NULL,
  `created_on` datetime NOT NULL,
  `created_by` int(11) NOT NULL,
  `edited_on` datetime NOT NULL,
  `edited_by` int(11) NOT NULL,
  `is_deleted` tinyint(1) NOT NULL DEFAULT '0',
  `deleted_on` datetime NOT NULL,
  `deleted_by` int(11) NOT NULL,
  PRIMARY KEY (`id`)
) ENGINE=InnoDB DEFAULT CHARSET=latin1 AUTO_INCREMENT=1 ;

--
-- Dumping data for table `exp_field`
--


-- --------------------------------------------------------

--
-- Table structure for table `exp_level`
--

CREATE TABLE IF NOT EXISTS `exp_level` (
  `id` int(11) NOT NULL AUTO_INCREMENT,
  `title` varchar(254) NOT NULL,
  `created_on` datetime NOT NULL,
  `created_by` int(11) NOT NULL,
  `edited_on` datetime NOT NULL,
  `edited_by` int(11) NOT NULL,
  `is_deleted` tinyint(1) NOT NULL DEFAULT '0',
  `deleted_on` datetime NOT NULL,
  `deleted_by` int(11) NOT NULL,
  PRIMARY KEY (`id`)
) ENGINE=InnoDB DEFAULT CHARSET=latin1 AUTO_INCREMENT=1 ;

--
-- Dumping data for table `exp_level`
--


-- --------------------------------------------------------

--
-- Table structure for table `exp_year`
--

CREATE TABLE IF NOT EXISTS `exp_year` (
  `id` int(11) NOT NULL AUTO_INCREMENT,
  `title` varchar(254) NOT NULL,
  `created_on` datetime NOT NULL,
  `created_by` int(11) NOT NULL,
  `edited_on` datetime NOT NULL,
  `edited_by` int(11) NOT NULL,
  `is_deleted` tinyint(1) NOT NULL DEFAULT '0',
  `deleted_on` datetime NOT NULL,
  `deleted_by` int(11) NOT NULL,
  PRIMARY KEY (`id`)
) ENGINE=InnoDB DEFAULT CHARSET=latin1 AUTO_INCREMENT=1 ;

--
-- Dumping data for table `exp_year`
--


-- --------------------------------------------------------

--
-- Table structure for table `grade`
--

CREATE TABLE IF NOT EXISTS `grade` (
  `id` int(11) NOT NULL AUTO_INCREMENT,
  `title` varchar(254) NOT NULL,
  `created_on` datetime NOT NULL,
  `created_by` int(11) NOT NULL,
  `edited_on` datetime NOT NULL,
  `edited_by` int(11) NOT NULL,
  `is_deleted` tinyint(1) NOT NULL DEFAULT '0',
  `deleted_on` datetime NOT NULL,
  `deleted_by` int(11) NOT NULL,
  PRIMARY KEY (`id`)
) ENGINE=InnoDB  DEFAULT CHARSET=latin1 AUTO_INCREMENT=3 ;

--
-- Dumping data for table `grade`
--

INSERT INTO `grade` (`id`, `title`, `created_on`, `created_by`, `edited_on`, `edited_by`, `is_deleted`, `deleted_on`, `deleted_by`) VALUES
(1, 'G01', '2015-01-14 00:00:00', 1, '0000-00-00 00:00:00', 0, 0, '0000-00-00 00:00:00', 0),
(2, 'G02', '2015-01-14 00:00:00', 1, '0000-00-00 00:00:00', 0, 0, '0000-00-00 00:00:00', 0);

-- --------------------------------------------------------

--
-- Table structure for table `groups`
--

CREATE TABLE IF NOT EXISTS `groups` (
  `id` mediumint(8) unsigned NOT NULL AUTO_INCREMENT,
  `name` varchar(20) NOT NULL,
  `description` varchar(100) NOT NULL,
  PRIMARY KEY (`id`)
) ENGINE=InnoDB  DEFAULT CHARSET=utf8 AUTO_INCREMENT=3 ;

--
-- Dumping data for table `groups`
--

INSERT INTO `groups` (`id`, `name`, `description`) VALUES
(1, 'admin', 'Administrator'),
(2, 'member', 'General User');

-- --------------------------------------------------------

--
-- Table structure for table `ikatan_dinas_type`
--

CREATE TABLE IF NOT EXISTS `ikatan_dinas_type` (
  `id` int(11) NOT NULL AUTO_INCREMENT,
  `title` varchar(254) NOT NULL,
  `created_on` datetime NOT NULL,
  `created_by` int(11) NOT NULL,
  `edited_on` datetime NOT NULL,
  `edited_by` int(11) NOT NULL,
  `is_deleted` tinyint(1) NOT NULL DEFAULT '0',
  `deleted_on` datetime NOT NULL,
  `deleted_by` int(11) NOT NULL,
  PRIMARY KEY (`id`)
) ENGINE=InnoDB DEFAULT CHARSET=latin1 AUTO_INCREMENT=1 ;

--
-- Dumping data for table `ikatan_dinas_type`
--


-- --------------------------------------------------------

--
-- Table structure for table `login_attempts`
--

CREATE TABLE IF NOT EXISTS `login_attempts` (
  `id` int(11) unsigned NOT NULL AUTO_INCREMENT,
  `ip_address` varchar(15) NOT NULL,
  `login` varchar(100) NOT NULL,
  `time` int(11) unsigned DEFAULT NULL,
  PRIMARY KEY (`id`)
) ENGINE=InnoDB DEFAULT CHARSET=utf8 AUTO_INCREMENT=1 ;

--
-- Dumping data for table `login_attempts`
--


-- --------------------------------------------------------

--
-- Table structure for table `marital`
--

CREATE TABLE IF NOT EXISTS `marital` (
  `id` tinyint(2) NOT NULL AUTO_INCREMENT,
  `title` varchar(254) NOT NULL,
  `is_deleted` tinyint(1) NOT NULL DEFAULT '0',
  `deleted_on` datetime NOT NULL,
  `deleted_by` int(11) NOT NULL,
  PRIMARY KEY (`id`)
) ENGINE=InnoDB  DEFAULT CHARSET=latin1 AUTO_INCREMENT=5 ;

--
-- Dumping data for table `marital`
--

INSERT INTO `marital` (`id`, `title`, `is_deleted`, `deleted_on`, `deleted_by`) VALUES
(1, 'Single', 0, '0000-00-00 00:00:00', 0),
(2, 'Married', 0, '0000-00-00 00:00:00', 0),
(3, 'Divorced', 0, '0000-00-00 00:00:00', 0),
(4, 'Widowhood', 0, '0000-00-00 00:00:00', 0);

-- --------------------------------------------------------

--
-- Table structure for table `organization`
--

CREATE TABLE IF NOT EXISTS `organization` (
  `id` int(11) NOT NULL AUTO_INCREMENT,
  `parent_organization_id` int(3) NOT NULL DEFAULT '0',
  `organization_class_id` int(3) NOT NULL,
  `title` varchar(254) NOT NULL,
  `created_on` datetime NOT NULL,
  `created_by` int(11) NOT NULL,
  `edited_on` datetime NOT NULL,
  `edited_by` int(11) NOT NULL,
  `is_deleted` tinyint(1) NOT NULL DEFAULT '0',
  `deleted_on` datetime NOT NULL,
  `deleted_by` int(11) NOT NULL,
  PRIMARY KEY (`id`)
) ENGINE=InnoDB  DEFAULT CHARSET=latin1 AUTO_INCREMENT=3 ;

--
-- Dumping data for table `organization`
--

INSERT INTO `organization` (`id`, `parent_organization_id`, `organization_class_id`, `title`, `created_on`, `created_by`, `edited_on`, `edited_by`, `is_deleted`, `deleted_on`, `deleted_by`) VALUES
(1, 0, 0, 'HRD', '2015-01-14 00:00:00', 1, '0000-00-00 00:00:00', 0, 0, '0000-00-00 00:00:00', 0),
(2, 0, 0, 'Kredit Analis', '2015-01-14 00:00:00', 1, '0000-00-00 00:00:00', 0, 0, '0000-00-00 00:00:00', 0);

-- --------------------------------------------------------

--
-- Table structure for table `organization_class`
--

CREATE TABLE IF NOT EXISTS `organization_class` (
  `id` int(11) NOT NULL AUTO_INCREMENT,
  `title` varchar(254) NOT NULL,
  `order_no` tinyint(3) NOT NULL DEFAULT '0',
  `created_on` datetime NOT NULL,
  `created_by` int(11) NOT NULL,
  `edited_on` datetime NOT NULL,
  `edited_by` int(11) NOT NULL,
  `is_deleted` tinyint(1) NOT NULL DEFAULT '0',
  `deleted_on` datetime NOT NULL,
  `deleted_by` int(11) NOT NULL,
  PRIMARY KEY (`id`)
) ENGINE=InnoDB  DEFAULT CHARSET=latin1 AUTO_INCREMENT=11 ;

--
-- Dumping data for table `organization_class`
--

INSERT INTO `organization_class` (`id`, `title`, `order_no`, `created_on`, `created_by`, `edited_on`, `edited_by`, `is_deleted`, `deleted_on`, `deleted_by`) VALUES
(1, 'Company', 1, '2015-01-23 00:00:00', 1, '2015-02-06 00:00:00', 1, 0, '0000-00-00 00:00:00', 0),
(2, 'Departement', 2, '2015-01-23 00:00:00', 1, '2015-02-06 00:00:00', 1, 0, '0000-00-00 00:00:00', 0),
(3, 'Division', 3, '2015-01-23 00:00:00', 1, '2015-02-06 00:00:00', 1, 0, '0000-00-00 00:00:00', 0),
(4, 'Section', 4, '2015-01-23 00:00:00', 1, '2015-02-06 00:00:00', 1, 0, '0000-00-00 00:00:00', 0),
(5, 'Unit', 5, '2015-01-23 00:00:00', 1, '2015-02-06 00:00:00', 1, 0, '0000-00-00 00:00:00', 0),
(6, 'test', 0, '2015-02-05 00:00:00', 1, '2015-02-05 00:00:00', 1, 1, '2015-02-05 00:00:00', 1),
(7, 'ddd', 0, '2015-02-05 00:00:00', 1, '0000-00-00 00:00:00', 0, 1, '2015-02-05 00:00:00', 1),
(8, 'sdaf', 0, '2015-02-05 00:00:00', 1, '0000-00-00 00:00:00', 0, 1, '2015-02-05 00:00:00', 1),
(9, 'num num', 0, '2015-02-05 00:00:00', 1, '2015-02-05 00:00:00', 1, 1, '2015-02-06 00:00:00', 1),
(10, 'num num', 0, '2015-02-05 00:00:00', 1, '0000-00-00 00:00:00', 0, 1, '2015-02-06 00:00:00', 1);

-- --------------------------------------------------------

--
-- Table structure for table `position_group`
--

CREATE TABLE IF NOT EXISTS `position_group` (
  `id` int(11) NOT NULL AUTO_INCREMENT,
  `title` varchar(254) NOT NULL,
  `abbr` varchar(254) NOT NULL,
  `level_order` int(3) NOT NULL,
  `level` set('Director','Management','Non Management') NOT NULL,
  `parent_position_group_id` int(11) NOT NULL DEFAULT '0',
  `description` text NOT NULL,
  `gradeval_bottom` int(11) NOT NULL,
  `gradeval_top` int(11) NOT NULL,
  `created_on` datetime NOT NULL,
  `created_by` int(11) NOT NULL,
  `edited_on` datetime NOT NULL,
  `edited_by` int(11) NOT NULL,
  `is_deleted` tinyint(1) NOT NULL DEFAULT '0',
  `deleted_on` datetime NOT NULL,
  `deleted_by` int(11) NOT NULL,
  PRIMARY KEY (`id`)
) ENGINE=InnoDB  DEFAULT CHARSET=latin1 AUTO_INCREMENT=5 ;

--
-- Dumping data for table `position_group`
--

INSERT INTO `position_group` (`id`, `title`, `abbr`, `level_order`, `level`, `parent_position_group_id`, `description`, `gradeval_bottom`, `gradeval_top`, `created_on`, `created_by`, `edited_on`, `edited_by`, `is_deleted`, `deleted_on`, `deleted_by`) VALUES
(1, 'staff', '', 0, '', 0, '', 0, 0, '2015-01-14 00:00:00', 1, '0000-00-00 00:00:00', 0, 0, '0000-00-00 00:00:00', 0),
(2, 'kacab', '', 0, '', 0, '', 0, 0, '2015-01-14 00:00:00', 1, '2015-02-06 00:00:00', 1, 0, '0000-00-00 00:00:00', 0),
(3, 'test', '', 0, '', 0, '', 0, 0, '2015-02-06 00:00:00', 1, '2015-02-06 00:00:00', 1, 1, '2015-02-06 00:00:00', 1),
(4, 'President Director', 'Presdir', 10, '', 0, 'President Director', 0, 0, '2015-02-06 04:54:37', 1, '2015-02-06 00:00:00', 1, 0, '0000-00-00 00:00:00', 0);


--
-- Table structure for table `position`
--

CREATE TABLE IF NOT EXISTS `position` (
  `id` int(11) NOT NULL AUTO_INCREMENT,
  `title` varchar(254) NOT NULL,
  `abbr` varchar(254) NOT NULL,
  `position_group_id` int(3) NOT NULL,
  `parent_position_id` int(3) NOT NULL DEFAULT '0',
  `organization_id` int(3) NOT NULL,
  `description` text NOT NULL,
  `created_on` datetime NOT NULL,
  `created_by` int(11) NOT NULL,
  `edited_on` datetime NOT NULL,
  `edited_by` int(11) NOT NULL,
  `is_deleted` tinyint(1) NOT NULL DEFAULT '0',
  `deleted_on` datetime NOT NULL,
  `deleted_by` int(11) NOT NULL,
  PRIMARY KEY (`id`)
) ENGINE=InnoDB  DEFAULT CHARSET=latin1 AUTO_INCREMENT=3 ;

--
-- Dumping data for table `position`
--

INSERT INTO `position` (`id`, `title`, `abbr`, `position_group_id`, `parent_position_id`, `organization_id`, `description`, `created_on`, `created_by`, `edited_on`, `edited_by`, `is_deleted`, `deleted_on`, `deleted_by`) VALUES
(1, 'ka. cabang pusat', '', 0, 0, 0, '', '2015-01-14 00:00:00', 1, '0000-00-00 00:00:00', 0, 0, '0000-00-00 00:00:00', 0),
(2, 'ka. cabang bandung', '', 0, 0, 0, '', '2015-01-14 00:00:00', 1, '0000-00-00 00:00:00', 0, 0, '0000-00-00 00:00:00', 0);

-- --------------------------------------------------------

--
-- Table structure for table `resign_reason`
--

CREATE TABLE IF NOT EXISTS `resign_reason` (
  `id` int(11) NOT NULL AUTO_INCREMENT,
  `title` varchar(254) NOT NULL,
  `created_on` datetime NOT NULL,
  `created_by` int(11) NOT NULL,
  `edited_on` datetime NOT NULL,
  `edited_by` int(11) NOT NULL,
  `is_deleted` tinyint(1) NOT NULL DEFAULT '0',
  `deleted_on` datetime NOT NULL,
  `deleted_by` int(11) NOT NULL,
  PRIMARY KEY (`id`)
) ENGINE=InnoDB  DEFAULT CHARSET=latin1 AUTO_INCREMENT=4 ;

--
-- Dumping data for table `resign_reason`
--

INSERT INTO `resign_reason` (`id`, `title`, `created_on`, `created_by`, `edited_on`, `edited_by`, `is_deleted`, `deleted_on`, `deleted_by`) VALUES
(1, 'Pensiun', '2015-01-14 00:00:00', 1, '0000-00-00 00:00:00', 0, 0, '0000-00-00 00:00:00', 0),
(2, 'PHK', '2015-01-14 00:00:00', 1, '0000-00-00 00:00:00', 0, 0, '0000-00-00 00:00:00', 0),
(3, 'Mundur', '2015-01-14 00:00:00', 1, '0000-00-00 00:00:00', 0, 0, '0000-00-00 00:00:00', 0);

-- --------------------------------------------------------

--
-- Table structure for table `users`
--

CREATE TABLE IF NOT EXISTS `users` (
  `id` int(11) unsigned NOT NULL AUTO_INCREMENT,
  `ip_address` varchar(15) NOT NULL,
  `username` varchar(100) NOT NULL,
  `password` varchar(255) NOT NULL,
  `salt` varchar(255) DEFAULT NULL,
  `email` varchar(100) NOT NULL,
  `activation_code` varchar(40) DEFAULT NULL,
  `forgotten_password_code` varchar(40) DEFAULT NULL,
  `forgotten_password_time` int(11) unsigned DEFAULT NULL,
  `remember_code` varchar(40) DEFAULT NULL,
  `created_on` int(11) unsigned NOT NULL,
  `last_login` int(11) unsigned DEFAULT NULL,
  `active` tinyint(1) unsigned DEFAULT NULL,
  `first_name` varchar(50) DEFAULT NULL,
  `last_name` varchar(50) DEFAULT NULL,
  `company` varchar(100) DEFAULT NULL,
  `phone` varchar(20) DEFAULT NULL,
  `nik` varchar(15) NOT NULL,
  `bod` datetime NOT NULL,
  `business_unit_id` int(3) NOT NULL DEFAULT '1',
  `marital_id` tinyint(2) NOT NULL DEFAULT '0',
  `photo` varchar(254) NOT NULL,
  `mobile_phone` varchar(40) NOT NULL,
  `previous_email` varchar(254) NOT NULL,
  `bb_pin` varchar(10) NOT NULL,
  PRIMARY KEY (`id`),
  UNIQUE KEY `nik` (`nik`)
) ENGINE=InnoDB  DEFAULT CHARSET=utf8 AUTO_INCREMENT=9 ;

--
-- Dumping data for table `users`
--

INSERT INTO `users` (`id`, `ip_address`, `username`, `password`, `salt`, `email`, `activation_code`, `forgotten_password_code`, `forgotten_password_time`, `remember_code`, `created_on`, `last_login`, `active`, `first_name`, `last_name`, `company`, `phone`, `nik`, `bod`, `business_unit_id`, `marital_id`, `photo`, `mobile_phone`, `previous_email`, `bb_pin`) VALUES
(1, '127.0.0.1', 'administrator', '$2a$07$SeBknntpZror9uyftVopmu61qg0ms8Qv1yV6FG.kQOSM.9QhmTo36', '', 'admin@admin.com', '', NULL, NULL, NULL, 1268889823, 1421984370, 1, 'Admin', 'istrator', 'ADMIN', '0', '', '1980-01-01 00:00:00', 1, 1, '', '', '', ''),
(8, '::1', 'andigaluh', '$2y$08$y7.a5emJ8BkLRssQz6t7XuMRreIUuGndkV25IjBvRv1ADoeZyxBaW', NULL, 'andi@komunigrafik.com', NULL, NULL, NULL, NULL, 1418971675, 1419235251, 1, 'andi galuh', 'sutrisno', '0', '08561951175', '50402116', '1983-10-13 00:00:00', 1, 2, 'ktp.jpg', '0', 'erortea@yahoo.com', 'dfsdfsde');

-- --------------------------------------------------------

--
-- Table structure for table `users_awardwarning`
--

CREATE TABLE IF NOT EXISTS `users_awardwarning` (
  `id` int(11) NOT NULL AUTO_INCREMENT,
  `user_id` int(11) NOT NULL,
  `award_warning_type_id` int(2) NOT NULL,
  `title` varchar(254) NOT NULL,
  `description` text NOT NULL,
  `app_date` datetime NOT NULL,
  `sk_number` varchar(254) NOT NULL,
  `start_date` datetime NOT NULL,
  `end_date` datetime NOT NULL,
  `created_on` datetime NOT NULL,
  `created_by` int(11) NOT NULL,
  `edited_on` datetime NOT NULL,
  `edited_by` int(11) NOT NULL,
  `is_deleted` tinyint(1) NOT NULL DEFAULT '0',
  `deleted_on` datetime NOT NULL,
  `deleted_by` int(11) NOT NULL,
  PRIMARY KEY (`id`)
) ENGINE=InnoDB DEFAULT CHARSET=latin1 AUTO_INCREMENT=1 ;

--
-- Dumping data for table `users_awardwarning`
--


-- --------------------------------------------------------

--
-- Table structure for table `users_certificate`
--

CREATE TABLE IF NOT EXISTS `users_certificate` (
  `id` int(11) NOT NULL AUTO_INCREMENT,
  `user_id` bigint(16) NOT NULL,
  `certification_type_id` int(3) NOT NULL,
  `description` text NOT NULL,
  `start_date` datetime NOT NULL,
  `end_date` datetime NOT NULL,
  `created_on` datetime NOT NULL,
  `created_by` int(11) NOT NULL,
  `edited_on` datetime NOT NULL,
  `edited_by` int(11) NOT NULL,
  `is_deleted` tinyint(1) NOT NULL DEFAULT '0',
  `deleted_on` datetime NOT NULL,
  `deleted_by` int(11) NOT NULL,
  PRIMARY KEY (`id`)
) ENGINE=InnoDB DEFAULT CHARSET=latin1 AUTO_INCREMENT=1 ;

--
-- Dumping data for table `users_certificate`
--


-- --------------------------------------------------------

--
-- Table structure for table `users_course`
--

CREATE TABLE IF NOT EXISTS `users_course` (
  `id` int(11) NOT NULL AUTO_INCREMENT,
  `user_id` bigint(16) NOT NULL,
  `title` varchar(254) NOT NULL,
  `registration_date` datetime NOT NULL,
  `course_status_id` int(3) NOT NULL,
  `created_on` datetime NOT NULL,
  `created_by` int(11) NOT NULL,
  `edited_on` datetime NOT NULL,
  `edited_by` int(11) NOT NULL,
  `is_deleted` tinyint(1) NOT NULL DEFAULT '0',
  `deleted_on` datetime NOT NULL,
  `deleted_by` int(11) NOT NULL,
  PRIMARY KEY (`id`)
) ENGINE=InnoDB DEFAULT CHARSET=latin1 AUTO_INCREMENT=1 ;

--
-- Dumping data for table `users_course`
--


-- --------------------------------------------------------

--
-- Table structure for table `users_education`
--

CREATE TABLE IF NOT EXISTS `users_education` (
  `id` int(11) NOT NULL AUTO_INCREMENT,
  `user_id` int(11) NOT NULL,
  `title` varchar(254) NOT NULL,
  `description` text NOT NULL,
  `start_date` datetime NOT NULL,
  `end_date` datetime NOT NULL,
  `education_degree_id` int(2) NOT NULL,
  `education_group_id` int(2) NOT NULL,
  `education_center_id` int(2) NOT NULL,
  `created_on` datetime NOT NULL,
  `created_by` int(11) NOT NULL,
  `edited_on` datetime NOT NULL,
  `edited_by` int(11) NOT NULL,
  `is_deleted` tinyint(1) NOT NULL DEFAULT '0',
  `deleted_on` datetime NOT NULL,
  `deleted_by` int(11) NOT NULL,
  PRIMARY KEY (`id`)
) ENGINE=InnoDB DEFAULT CHARSET=latin1 AUTO_INCREMENT=1 ;

--
-- Dumping data for table `users_education`
--


-- --------------------------------------------------------

--
-- Table structure for table `users_employement`
--

CREATE TABLE IF NOT EXISTS `users_employement` (
  `id` bigint(16) NOT NULL AUTO_INCREMENT,
  `user_id` int(11) NOT NULL,
  `seniority_date` datetime NOT NULL,
  `position_id` int(11) NOT NULL,
  `organization_id` int(11) NOT NULL,
  `empl_status_id` int(11) NOT NULL,
  `employee_status_id` int(11) NOT NULL,
  `cost_center` varchar(254) NOT NULL,
  `position_group_id` int(11) NOT NULL,
  `grade_id` int(11) NOT NULL,
  `resign_reason_id` int(11) NOT NULL,
  `active_inactive_id` int(2) NOT NULL,
  `created_on` datetime NOT NULL,
  `created_by` int(11) NOT NULL,
  `edited_on` datetime NOT NULL,
  `edited_by` int(11) NOT NULL,
  `is_deleted` tinyint(1) NOT NULL DEFAULT '0',
  `deleted_on` datetime NOT NULL,
  `deleted_by` int(11) NOT NULL,
  PRIMARY KEY (`id`)
) ENGINE=InnoDB DEFAULT CHARSET=latin1 AUTO_INCREMENT=1 ;

--
-- Dumping data for table `users_employement`
--


-- --------------------------------------------------------

--
-- Table structure for table `users_experience`
--

CREATE TABLE IF NOT EXISTS `users_experience` (
  `id` int(11) NOT NULL AUTO_INCREMENT,
  `user_id` int(11) NOT NULL,
  `company` varchar(254) NOT NULL,
  `position` varchar(254) NOT NULL,
  `start_date` date NOT NULL,
  `end_date` datetime NOT NULL,
  `address` text NOT NULL,
  `line_business` varchar(254) NOT NULL,
  `resign_reason_id` int(2) NOT NULL,
  `last_salary` decimal(10,0) NOT NULL,
  `exp_level_id` int(2) NOT NULL,
  `exp_year_id` int(2) NOT NULL,
  `exp_field_id` int(2) NOT NULL,
  `created_on` datetime NOT NULL,
  `created_by` int(11) NOT NULL,
  `edited_on` datetime NOT NULL,
  `edited_by` int(11) NOT NULL,
  `is_deleted` tinyint(1) NOT NULL DEFAULT '0',
  `deleted_on` datetime NOT NULL,
  `deleted_by` int(11) NOT NULL,
  PRIMARY KEY (`id`)
) ENGINE=InnoDB DEFAULT CHARSET=latin1 AUTO_INCREMENT=1 ;

--
-- Dumping data for table `users_experience`
--


-- --------------------------------------------------------

--
-- Table structure for table `users_groups`
--

CREATE TABLE IF NOT EXISTS `users_groups` (
  `id` int(11) unsigned NOT NULL AUTO_INCREMENT,
  `user_id` int(11) unsigned NOT NULL,
  `group_id` mediumint(8) unsigned NOT NULL,
  PRIMARY KEY (`id`),
  UNIQUE KEY `uc_users_groups` (`user_id`,`group_id`),
  KEY `fk_users_groups_users1_idx` (`user_id`),
  KEY `fk_users_groups_groups1_idx` (`group_id`)
) ENGINE=InnoDB  DEFAULT CHARSET=utf8 AUTO_INCREMENT=56 ;

--
-- Dumping data for table `users_groups`
--

INSERT INTO `users_groups` (`id`, `user_id`, `group_id`) VALUES
(54, 1, 1),
(55, 1, 2),
(52, 8, 1),
(53, 8, 2);

-- --------------------------------------------------------

--
-- Table structure for table `users_ikatan_dinas`
--

CREATE TABLE IF NOT EXISTS `users_ikatan_dinas` (
  `id` int(11) NOT NULL AUTO_INCREMENT,
  `user_id` int(11) NOT NULL,
  `ikatan_dinas_type` int(2) NOT NULL,
  `title` varchar(254) NOT NULL,
  `start_date` datetime NOT NULL,
  `end_date` datetime NOT NULL,
  `amount` decimal(10,0) NOT NULL,
  `created_on` datetime NOT NULL,
  `created_by` int(11) NOT NULL,
  `edited_on` datetime NOT NULL,
  `edited_by` int(11) NOT NULL,
  `is_deleted` tinyint(1) NOT NULL DEFAULT '0',
  `deleted_on` datetime NOT NULL,
  `deleted_by` int(11) NOT NULL,
  PRIMARY KEY (`id`)
) ENGINE=InnoDB DEFAULT CHARSET=latin1 AUTO_INCREMENT=1 ;

--
-- Dumping data for table `users_ikatan_dinas`
--


-- --------------------------------------------------------

--
-- Table structure for table `users_jabatan`
--

CREATE TABLE IF NOT EXISTS `users_jabatan` (
  `id` int(11) NOT NULL AUTO_INCREMENT,
  `user_id` int(11) NOT NULL,
  `organization_id` int(2) NOT NULL,
  `position_id` int(11) NOT NULL,
  `employee_group_id` int(2) NOT NULL,
  `grade_id` int(2) NOT NULL,
  `start_date` datetime NOT NULL,
  `end_date` datetime NOT NULL,
  `branch_id` int(2) NOT NULL,
  `personnel_action_id` int(3) NOT NULL,
  `sk_date` datetime NOT NULL,
  `created_on` datetime NOT NULL,
  `created_by` int(11) NOT NULL,
  `edited_on` datetime NOT NULL,
  `edited_by` int(11) NOT NULL,
  `is_deleted` tinyint(1) NOT NULL DEFAULT '0',
  `deleted_on` datetime NOT NULL,
  `deleted_by` int(11) NOT NULL,
  PRIMARY KEY (`id`)
) ENGINE=InnoDB DEFAULT CHARSET=latin1 AUTO_INCREMENT=1 ;

--
-- Dumping data for table `users_jabatan`
--


-- --------------------------------------------------------

--
-- Table structure for table `users_sk`
--

CREATE TABLE IF NOT EXISTS `users_sk` (
  `id` int(11) NOT NULL AUTO_INCREMENT,
  `user_id` int(11) NOT NULL,
  `sk_date` datetime NOT NULL,
  `sk_no` varchar(254) NOT NULL,
  `position_id` int(2) NOT NULL,
  `departement_id` int(2) NOT NULL,
  `effective_date` datetime NOT NULL,
  `location` varchar(254) NOT NULL,
  `sign_name` varchar(254) NOT NULL,
  `sign_position` varchar(254) NOT NULL,
  `created_on` datetime NOT NULL,
  `created_by` int(11) NOT NULL,
  `edited_on` datetime NOT NULL,
  `edited_by` int(11) NOT NULL,
  `is_deleted` tinyint(1) NOT NULL DEFAULT '0',
  `deleted_on` datetime NOT NULL,
  `deleted_by` int(11) NOT NULL,
  PRIMARY KEY (`id`)
) ENGINE=InnoDB DEFAULT CHARSET=latin1 AUTO_INCREMENT=1 ;

--
-- Dumping data for table `users_sk`
--


-- --------------------------------------------------------

--
-- Table structure for table `users_sti`
--

CREATE TABLE IF NOT EXISTS `users_sti` (
  `id` int(11) NOT NULL AUTO_INCREMENT,
  `user_id` int(11) NOT NULL,
  `identity_no` varchar(254) NOT NULL,
  `ijazah_name` varchar(254) NOT NULL,
  `ijazah_number` varchar(254) NOT NULL,
  `ijazah_history` varchar(254) NOT NULL,
  `institution` varchar(254) NOT NULL,
  `published_place` varchar(254) NOT NULL,
  `activation_date` datetime NOT NULL,
  `departement_id` int(2) NOT NULL,
  `position_id` int(2) NOT NULL,
  `receivedby_id` int(11) NOT NULL,
  `acknowledgeby_id` int(11) NOT NULL,
  `created_on` datetime NOT NULL,
  `created_by` int(11) NOT NULL,
  `edited_on` datetime NOT NULL,
  `edited_by` int(11) NOT NULL,
  `is_deleted` tinyint(1) NOT NULL DEFAULT '0',
  `deleted_on` datetime NOT NULL,
  `deleted_by` int(11) NOT NULL,
  PRIMARY KEY (`id`)
) ENGINE=InnoDB DEFAULT CHARSET=latin1 AUTO_INCREMENT=1 ;

--
-- Dumping data for table `users_sti`
--


--
-- Constraints for dumped tables
--

--
-- Constraints for table `users_groups`
--
ALTER TABLE `users_groups`
  ADD CONSTRAINT `fk_users_groups_groups1` FOREIGN KEY (`group_id`) REFERENCES `groups` (`id`) ON DELETE CASCADE ON UPDATE NO ACTION,
  ADD CONSTRAINT `fk_users_groups_users1` FOREIGN KEY (`user_id`) REFERENCES `users` (`id`) ON DELETE CASCADE ON UPDATE NO ACTION;
